{
 "version": 1,
 "trained_at": 1782599217.154293,
 "n_samples": 2985,
 "feature_dim": 61,
 "lambda": 10.0,
 "cv_pearson": 0.4522247249389217,
 "cv_mae": 0.002803031825997957,
 "train_pearson": 0.48598015177512144,
 "label_mean": 0.520704690117253,
 "label_std": 0.004815938582972272,
 "mean": [
  0.050032989805798615,
  0.03830942357102816,
  0.031009154236992718,
  0.03408368693285532,
  0.020554809261832372,
  0.010084539656253446,
  0.008545474065931343,
  0.2778242200988813,
  0.0880842634420541,
  0.08406846152605635,
  0.3101338856094846,
  0.18924938598721364,
  0.05146375749234357,
  0.050355866647419534,
  0.030128152869710153,
  0.040794963950095214,
  0.044013774583888304,
  0.1306240988876743,
  0.03402687145024533,
  0.04941604544156378,
  0.005737992988278025,
  0.0979303614650424,
  0.10447427869808212,
  0.08751919738755612,
  0.02242037528078062,
  0.08637609091747588,
  0.12991505912915655,
  0.02932779467211992,
  0.03418052877901975,
  0.0361925523653919,
  0.03830893326101972,
  0.019193780312297706,
  0.1450366727567051,
  0.017392661982966344,
  0.015173600753835535,
  0.020731300842930622,
  0.03444640663675673,
  0.03903192923982792,
  0.5822741412280484,
  0.01641148884170719,
  0.04835549345830918,
  0.03321917880651447,
  0.00912188438280275,
  0.010296296376958508,
  0.005513834512764117,
  0.010901749288870999,
  0.0056263988334385165,
  0.010285102946501251,
  0.015321086752306003,
  0.005120575266107489,
  0.0051428035510941396,
  0.023938001872996127,
  0.5147871740627389,
  0.06508053040101835,
  0.020524315813316898,
  0.03019207893216292,
  0.025883637499749288,
  0.027703621120801415,
  5.846231155778894,
  4.001892736934777,
  0.0424329855895893
 ],
 "std": [
  0.2093274934843571,
  0.18021663223158724,
  0.15460271340269796,
  0.1687949407573482,
  0.1296571527505817,
  0.09025695726057006,
  0.08020930986827897,
  0.5566876218754664,
  0.2608233938653306,
  0.31692287285056026,
  0.5974495831919934,
  0.3830160699222394,
  0.21462798742892747,
  0.20343118375667024,
  0.14377779805081267,
  0.17578119222898356,
  0.18266765444520666,
  0.37693507226920697,
  0.16446885933233632,
  0.1946752076428374,
  0.05075654910474815,
  0.28207328339223486,
  0.2972158949539069,
  0.27358683269342343,
  0.13404777137687465,
  0.2687806955754321,
  0.3553939353547186,
  0.14494418487145203,
  0.15916457973004958,
  0.1720669744094792,
  0.1715162996519586,
  0.11999065325630663,
  0.28569516453552163,
  0.11333561409295168,
  0.10435841010254178,
  0.12091868618878929,
  0.15195137321382793,
  0.17377853382398883,
  0.8384733767747461,
  0.11499399858286931,
  0.21983463098866116,
  0.15967790443229707,
  0.08422220855819888,
  0.08577108276785714,
  0.06541664684973558,
  0.09719897912459066,
  0.06554578413817345,
  0.09376235390016285,
  0.1104399632970191,
  0.061479452058768584,
  0.062139525431436034,
  0.13994506216683678,
  0.45962274715810963,
  0.22156308248750295,
  0.12602648662179333,
  0.16024527061428656,
  0.14003983222075722,
  0.1438695821310346,
  1.6534234421028764,
  1.4370693871014157,
  0.21442299626195033
 ],
 "weight": [
  0.00023461123678050131,
  0.0001032652818253791,
  0.00019149038125556306,
  0.00018026337502936396,
  0.00012803498130374552,
  -2.6359595502693072e-05,
  -3.677573714475716e-05,
  0.00040818177307558074,
  -5.6241559452948126e-05,
  -0.0008012581175387511,
  0.00038346163467776096,
  0.00034874698829081386,
  -5.36996703912477e-06,
  -1.9629936475899625e-05,
  -0.00036883968435601254,
  0.00032009688759683855,
  0.0002374958327030593,
  0.00015391124570770167,
  -0.00010389011592169825,
  0.00022554829654081654,
  7.689300629824778e-05,
  0.00031550548557602687,
  -0.0001502775042329564,
  -0.00010384233543958466,
  6.829621889478431e-05,
  0.000258552782213741,
  9.337099640004245e-05,
  0.0001255311012829952,
  4.743533637563444e-05,
  8.620106685062856e-05,
  -0.00043642950780892046,
  3.9791433455555526e-05,
  0.0008841629969062954,
  -5.3616789227205395e-05,
  4.5494108732876315e-05,
  1.1363068571457929e-05,
  0.00011494928304033536,
  5.891866488064695e-05,
  0.00041207663518725776,
  9.981191312435914e-05,
  -0.00010636106898191437,
  0.000161182887941968,
  6.515616245963987e-05,
  -3.844053091907969e-06,
  3.4604525460304455e-05,
  0.00012513806249309626,
  8.06746622727957e-05,
  2.110715758052349e-05,
  6.605689232360951e-05,
  -6.062775161675308e-05,
  -1.4055670436142272e-05,
  1.1114061821458969e-05,
  0.0004939066409180905,
  0.00018150488931430194,
  5.736733272573572e-05,
  -8.010836932804331e-05,
  7.976800708267475e-05,
  8.847821420724628e-05,
  -0.0012420095854211329,
  0.0011447647365313925,
  -0.0001485461333685284
 ],
 "bias": 0.520704690117253
}