{
 "version": 1,
 "trained_at": 1782582508.3065503,
 "n_samples": 2088,
 "feature_dim": 61,
 "lambda": 5.0,
 "cv_pearson": 0.513021892086934,
 "cv_mae": 0.09091910963569758,
 "train_pearson": 0.5710107599845085,
 "label_mean": 0.7143919738457856,
 "label_std": 0.1394415226405821,
 "mean": [
  0.052349543770368906,
  0.03218063799758356,
  0.0344562333706398,
  0.03437948485261738,
  0.01767055220721046,
  0.009902353996149818,
  0.006971328410254258,
  0.35239353597452744,
  0.09628693024980221,
  0.09916024915828206,
  0.4087555692678526,
  0.20519735753281573,
  0.04822415183699494,
  0.04119798031321473,
  0.015396777704133946,
  0.03655935872734106,
  0.04060890883516363,
  0.14581634469725088,
  0.04068257871879899,
  0.050849569325693296,
  0.004705451071666965,
  0.09906492182645775,
  0.07293959275539155,
  0.05908193883803715,
  0.021201946219444476,
  0.07394344849238847,
  0.12611461982648228,
  0.02571556482231883,
  0.03269643346591797,
  0.03836014960763503,
  0.04043006335812088,
  0.016996077659424007,
  0.18367523986432785,
  0.011211926294649397,
  0.010443756154678142,
  0.018365809590577153,
  0.03127127574409435,
  0.033746826770608675,
  0.6452320753060138,
  0.01664768126714804,
  0.02877250939012258,
  0.029037071100020673,
  0.008597119559528172,
  0.011687883985042386,
  0.005085433748599654,
  0.011905404172122831,
  0.005679148793799983,
  0.010348391094872313,
  0.012174343681807429,
  0.005447277366678194,
  0.005131298369916024,
  0.021341950449150077,
  0.5473005502792017,
  0.06579638382114171,
  0.015548484376045151,
  0.026353676933975275,
  0.024494852364197555,
  0.027004614764443033,
  5.794540229885057,
  4.192590640132744,
  0.05015871161476307
 ],
 "std": [
  0.21286447218572274,
  0.16162095538737006,
  0.16362247972439972,
  0.16999455564086624,
  0.12672399147112293,
  0.0961909182230852,
  0.07805996787864039,
  0.6216831387136208,
  0.26647650851499727,
  0.3549662990242025,
  0.6688749455488054,
  0.39509115247054066,
  0.20994273548597872,
  0.18564719020124684,
  0.1146837944829974,
  0.16873624713832072,
  0.1767360134084255,
  0.40242922329914227,
  0.18043827625500333,
  0.19665825629721057,
  0.045233930243585824,
  0.28415649465668724,
  0.23296569818939789,
  0.23350087210178147,
  0.13512895688970034,
  0.2537241190063446,
  0.3546040440593851,
  0.1354987413458534,
  0.16024835625785896,
  0.18218149956670196,
  0.17952700175663938,
  0.11597371392043047,
  0.31043302447432963,
  0.09499382191592251,
  0.09186011020427456,
  0.1144869899831523,
  0.14776352648027888,
  0.16912771881315614,
  0.8692915869918173,
  0.1214279514011207,
  0.15659512340584367,
  0.14857113610721379,
  0.08580562961606826,
  0.09391611511856554,
  0.06343791851002153,
  0.10165472877539275,
  0.0662223431561839,
  0.09723143103648965,
  0.10029369115860634,
  0.06826652195689328,
  0.06310905803632084,
  0.1377448579656753,
  0.46221917969419957,
  0.22870261961746116,
  0.12907816618000445,
  0.15414065932291407,
  0.14219133929069291,
  0.14612725971860716,
  1.6540988446417364,
  1.3779532008699722,
  0.23172265630997602
 ],
 "weight": [
  0.009521813315282299,
  0.007444947104427675,
  0.0027766793432006586,
  0.002001630653947331,
  -0.0013717857608373722,
  -0.012305025935435043,
  -0.019783177066273402,
  0.006751857355819673,
  -0.0035291836066788603,
  -0.018761084614995663,
  -0.00033304782217242443,
  0.004166082590243727,
  -0.004939600672284166,
  -0.001840989635928174,
  -0.010786825766152882,
  0.009748890274686629,
  0.009148768347614198,
  -0.003337101304898167,
  -0.013012935375406265,
  0.004514649513096165,
  -0.006874516401688617,
  0.02125087206680977,
  0.01172909311707371,
  0.0034939382885617915,
  -0.004382198589503742,
  0.005150829272183378,
  -0.0006630385140829933,
  0.002733939591223006,
  0.0005525242582140983,
  0.005712882593450424,
  -0.015423636173383232,
  -0.005523584551790351,
  0.01574901248368978,
  -0.006634405106210167,
  0.004643574816072419,
  0.0004520972727441669,
  0.0002030323657376797,
  0.0034123305401405632,
  0.009603163300264214,
  -0.00596497785093333,
  0.0011164544365852304,
  0.0017642639744505887,
  -0.011549787003193724,
  -0.016174092299880233,
  -0.010350414778038238,
  -0.008604640130019572,
  -0.005552658592044999,
  -0.012616523044455425,
  -0.00230093412087377,
  -0.005087599248039688,
  -0.011945356807392431,
  -0.007064519500548195,
  -0.008355916223334096,
  0.001875817557593487,
  -0.010191771413123175,
  -0.005884396349436906,
  -0.00013191477900587701,
  0.0006747268713489263,
  0.005068714352925764,
  0.0034256173167035013,
  0.0004130682240235642
 ],
 "bias": 0.7143919738457856
}