{
 "version": 1,
 "trained_at": 1782538287.408014,
 "n_samples": 796,
 "feature_dim": 61,
 "lambda": 5.0,
 "cv_pearson": 0.5856776220092917,
 "cv_mae": 0.08728629685469905,
 "train_pearson": 0.7045482693342736,
 "label_mean": 0.6991819084045225,
 "label_std": 0.14506129052745192,
 "mean": [
  0.031112007069290747,
  0.013483200169284823,
  0.031076677209043134,
  0.016422215150557834,
  0.01627996454452245,
  0.004044024782391982,
  0.003160767367604165,
  0.22363302681565989,
  0.23700850692424336,
  0.24759510961732287,
  0.05845008544655302,
  0.2876516334551494,
  0.04969183270620626,
  0.04297457631872921,
  0.02067362281053323,
  0.062369734885878755,
  0.05135951274175823,
  0.17855167623497586,
  0.07284885995583255,
  0.0611288592432183,
  0.0013808045511993334,
  0.01982133876933885,
  0.07856187487033293,
  0.013516720278379277,
  0.018638569666180684,
  0.03412956215399008,
  0.06191949423991533,
  0.031645092442927215,
  0.02078733208849792,
  0.02488571266081475,
  0.08206521227704126,
  0.007002376933583204,
  0.32059785120415923,
  0.012566310602792934,
  0.010998122295089102,
  0.01466336998937618,
  0.046471855772061095,
  0.01162509093388643,
  0.054912291788498886,
  0.009419803421099824,
  0.023425874705463097,
  0.029454507133768123,
  0.00704255003774154,
  0.012511289314940747,
  0.005258307289067002,
  0.004827841841369331,
  0.007708899043950778,
  0.010590074457369546,
  0.0022045697872052033,
  0.006784250418572142,
  0.005923399819135754,
  0.029386542265303957,
  0.304494642395907,
  0.03505747790710125,
  0.015434930297157555,
  0.04022338520259283,
  0.019934662614162733,
  0.01499270501364072,
  4.741206030150754,
  3.160380589932372,
  0.010178257176355633
 ],
 "std": [
  0.1581094667489038,
  0.10150115473435191,
  0.14596119419136155,
  0.11280762684064141,
  0.11070828462722151,
  0.05296797093342988,
  0.04070967878077417,
  0.3172720222242603,
  0.3503719702507236,
  0.5374135381847931,
  0.20816892518946556,
  0.37294478748825693,
  0.1989295998501926,
  0.1764922022803701,
  0.11703094645988028,
  0.22531202292348815,
  0.1784066948329249,
  0.30485915038152267,
  0.23125538608898663,
  0.19561991346249913,
  0.018062763148163425,
  0.11318706709274888,
  0.23872062225096305,
  0.10157972717040815,
  0.11871812309772023,
  0.15515667909584765,
  0.24014936640893048,
  0.1404453349825916,
  0.1194839197452693,
  0.14331276865900563,
  0.24870105973408108,
  0.06116456552912843,
  0.4335733153994325,
  0.09860668506703509,
  0.0897354600846666,
  0.0945701332860273,
  0.17185394506097207,
  0.09660264299166148,
  0.2101698564549481,
  0.0799663832923015,
  0.12413619870591616,
  0.14346994201367624,
  0.07312725443915881,
  0.09184036325463812,
  0.06464141614894278,
  0.05532032627862281,
  0.07331412749354968,
  0.10766524808166306,
  0.031642066214549625,
  0.08401854744922158,
  0.06725749665734373,
  0.17287265842217947,
  0.4339239952620879,
  0.18550444225317084,
  0.14714015862343996,
  0.19718114365116776,
  0.13617806969403914,
  0.10349541020252956,
  1.3246258797753725,
  0.9016811710316601,
  0.07639442050251598
 ],
 "weight": [
  0.0037514620311990265,
  0.00497628703481603,
  0.0021062374878216255,
  0.001196015038572112,
  -0.002779645257886907,
  -0.00688659625025059,
  -0.0022755549376556323,
  0.019337632923659656,
  -0.01011032834705904,
  -0.028921330165161872,
  0.0021450531635030523,
  0.0017591451433865682,
  -0.002267392221582601,
  -0.007966489338760357,
  -0.00421676558789236,
  0.026349876086723525,
  0.019825255160424982,
  -0.004528567685120149,
  -0.021853761794660954,
  0.009541772006767528,
  0.00710622529669393,
  0.008768778023419207,
  0.0010587867046083178,
  0.002944234598821531,
  -0.0008236764789143911,
  0.009548761791444399,
  0.010074189599457679,
  0.0033677952334261554,
  0.0003981083739976536,
  0.001933169797770269,
  -0.004416923523168017,
  -0.01212522288243398,
  0.03935344903443859,
  -0.010913446280823899,
  0.0017772427098815872,
  -0.01832929312255434,
  0.0036277503148729197,
  0.0008877248438208164,
  0.012586952207593134,
  -0.004725853229035644,
  -0.0052418433867408324,
  -0.004232387655557472,
  -0.00986351857538813,
  -0.01742409550334399,
  -0.01411287218751175,
  -0.0037777542546388668,
  -0.011029256569642685,
  -0.009256995510780108,
  -0.0028282768567203112,
  -0.019434181684979176,
  -0.012261577165486095,
  -0.004290372043249004,
  0.0057396758041859805,
  0.0033809203645901098,
  -0.012235120343208276,
  -0.0025381858430270935,
  0.0013917755159820015,
  0.0045573525399366325,
  0.009116860863726418,
  0.005533873273649872,
  -0.0017344911720675962
 ],
 "bias": 0.6991819084045225
}