{
 "version": 1,
 "trained_at": 1782567989.9214327,
 "n_samples": 1617,
 "feature_dim": 61,
 "lambda": 5.0,
 "cv_pearson": 0.5235843185974628,
 "cv_mae": 0.08886299926144035,
 "train_pearson": 0.5882243606201076,
 "label_mean": 0.7125335507173779,
 "label_std": 0.13758289320759962,
 "mean": [
  0.052869333950450445,
  0.03242203674721421,
  0.03715751275565691,
  0.03788025163500902,
  0.018233129429499364,
  0.00862316964096738,
  0.006372794473496768,
  0.3913512587231709,
  0.11054478660913004,
  0.12522072081299143,
  0.44615434469559867,
  0.1817720801629543,
  0.051496206054316804,
  0.035889860123867426,
  0.019288826168650627,
  0.0401378915833253,
  0.04368664550009103,
  0.10767448542575198,
  0.04854962992594648,
  0.054699444259888486,
  0.002573070454409422,
  0.06762723708402615,
  0.07181882787886952,
  0.04114233776837374,
  0.01934965455291123,
  0.060292863353199305,
  0.12682315941681327,
  0.026366199091776787,
  0.03144525398323197,
  0.03982396753577491,
  0.04863714614919484,
  0.016528666415017382,
  0.22395820841110078,
  0.012940895399393087,
  0.008950421125226565,
  0.0161875386999764,
  0.03479549003361998,
  0.031233142433367007,
  0.4885393367842618,
  0.015971251647794033,
  0.02426296531235114,
  0.03168678906101716,
  0.00813826870378331,
  0.014593472955132141,
  0.004301459639553551,
  0.013017315467389788,
  0.007040351436321124,
  0.010369003359916829,
  0.012625155663544356,
  0.004234065637751149,
  0.0039048263120528347,
  0.024827880931198136,
  0.49304650312082776,
  0.05249703363547465,
  0.018556662656653962,
  0.0300206705999451,
  0.019941691729088575,
  0.02894084825516306,
  5.743970315398887,
  4.037034041373481,
  0.05402040435895558
 ],
 "std": [
  0.21424049363241512,
  0.1604944154552082,
  0.1684026106424781,
  0.17893269152787367,
  0.1305902312760322,
  0.08930979744790697,
  0.07507697128651024,
  0.6528403173088592,
  0.2832981989055282,
  0.39659740066011884,
  0.703107773493093,
  0.3621093254745518,
  0.21643975409858202,
  0.1642440940373702,
  0.12812622082320593,
  0.18048268650170568,
  0.1799029377562609,
  0.2761711962183058,
  0.19234820722530152,
  0.20106410684487575,
  0.025001350444752043,
  0.23183492396045213,
  0.23520335810400653,
  0.19120389275536576,
  0.12466585350722896,
  0.22679308800416167,
  0.3605838183719893,
  0.1379530499056718,
  0.15436308985318753,
  0.18442578593076242,
  0.19637384678415568,
  0.1093729444105906,
  0.32987001793880866,
  0.10169070705009664,
  0.08140574551911842,
  0.10411832284870069,
  0.15519814253676714,
  0.16028355045685008,
  0.7831209770542489,
  0.1163238037334619,
  0.1382927429824778,
  0.15506120968959536,
  0.08150524970491879,
  0.10464423735661914,
  0.05582967594797719,
  0.10628927365410734,
  0.07426992445533172,
  0.09926810942501899,
  0.1012242565448512,
  0.06283640491724048,
  0.05316055057088329,
  0.1499661612815655,
  0.46508732987898105,
  0.20976160498552035,
  0.142433068145094,
  0.1664900421812364,
  0.1242901194044102,
  0.15398174188713468,
  1.6521951273260922,
  1.3548148980981294,
  0.24178983876633883
 ],
 "weight": [
  0.006125585110162848,
  0.00855889605821977,
  -0.001560172888091311,
  0.003122141913172569,
  -0.004456660009653886,
  -0.012873097975779426,
  -0.017331540907591734,
  0.0057046081402424625,
  -0.0037889560198116194,
  -0.020724985867065532,
  0.0017936587540752491,
  0.00313821812123844,
  -0.004397734717167867,
  -0.000567223165457331,
  -0.01289862214324087,
  0.010600554261950251,
  0.00809953158835245,
  0.002075121407609375,
  -0.016380735655333076,
  0.0053961104449290745,
  -0.0011723081836310266,
  0.014187463513686991,
  0.013161827776466153,
  0.002230220531061793,
  0.002288684514129977,
  0.0072399380032162714,
  -0.0010902047577804315,
  0.0018592240889131507,
  -0.002558255702623736,
  0.006826498861557959,
  -0.01301564424219011,
  -0.0028339049628026028,
  0.016009359586019182,
  -0.006855142166328865,
  0.004907132365123582,
  -0.0012416497536570318,
  0.0012895396220319816,
  0.0010752842837634055,
  0.007914763076810695,
  -0.009569709236827009,
  -0.0035073640139354294,
  0.0033497949025823176,
  -0.010097263371114874,
  -0.018809841179087298,
  -0.005745164490870749,
  -0.008347478629411199,
  -0.006700744761572283,
  -0.01174345260033169,
  -0.000320729312710752,
  -0.002547881980283735,
  -0.009836682102651009,
  -0.007447156784455617,
  -0.004141613379862049,
  0.003937367977504503,
  -0.010174292568601619,
  -0.006227414621659334,
  0.004358430446973486,
  0.0007926414165509559,
  0.005378515718907389,
  0.0018135894319058878,
  0.0027483366461452962
 ],
 "bias": 0.7125335507173779
}