{
 "version": 1,
 "trained_at": 1782553299.5814185,
 "n_samples": 1169,
 "feature_dim": 61,
 "lambda": 5.0,
 "cv_pearson": 0.5532905351082656,
 "cv_mae": 0.08963144880294519,
 "train_pearson": 0.6281365157723628,
 "label_mean": 0.7082442009580838,
 "label_std": 0.14294003299150673,
 "mean": [
  0.05184726983739181,
  0.026069974461799404,
  0.03452023933162084,
  0.030796974532439958,
  0.016770671433440222,
  0.0069596905037045305,
  0.005031013016097691,
  0.4790269873644623,
  0.15276755315770085,
  0.16883662141928,
  0.19914017986767918,
  0.16358814687596854,
  0.06427398814474616,
  0.03811997456775492,
  0.02094463841891326,
  0.041596789646489385,
  0.04295572587113536,
  0.12188037152196131,
  0.05803135505635443,
  0.06010786037488916,
  0.0022866575025935155,
  0.059530003029059364,
  0.08199028178946675,
  0.03375228800173077,
  0.01728696459249527,
  0.057080115685498034,
  0.13460017052016293,
  0.027019139706710493,
  0.020268750371894538,
  0.046654298809815045,
  0.06464798371314819,
  0.016292716178163923,
  0.22176386284954197,
  0.015061031841528374,
  0.009708579850165483,
  0.015626224563194315,
  0.03428170671931303,
  0.026562025860882965,
  0.46509994334015153,
  0.01387829327787042,
  0.021833838263679486,
  0.028586891591823947,
  0.009795700155622552,
  0.015419309982176117,
  0.003234714664940812,
  0.0196045859126881,
  0.009564197967793295,
  0.010860130053050738,
  0.005798043553659181,
  0.003677793708943714,
  0.004822407864951075,
  0.03025630159978415,
  0.46119300010414876,
  0.046052306613432896,
  0.021077260925404233,
  0.03665185659783618,
  0.020736155004574444,
  0.028425589813736264,
  5.400342172797263,
  3.9242471479854637,
  0.06948328478407924
 ],
 "std": [
  0.20815661646742364,
  0.1463805847442576,
  0.16260557368724993,
  0.15872224175229016,
  0.11978878396055866,
  0.07951101605591868,
  0.06045357555564919,
  0.7127416168142878,
  0.33018993759891613,
  0.4549664350285377,
  0.44067521183216296,
  0.32057226184459753,
  0.24576648629915912,
  0.17093737357661246,
  0.12462674980691599,
  0.1869757642988682,
  0.16723495096864163,
  0.27855524295886747,
  0.20918362235507776,
  0.20775550913338087,
  0.03480755466627443,
  0.21503058835116395,
  0.24928686948507878,
  0.16905632560687053,
  0.11792270007956294,
  0.21808396680796344,
  0.368454345920521,
  0.13421765906395933,
  0.1215734256353031,
  0.1994115072160596,
  0.22512002471188436,
  0.10732234809645534,
  0.36137825253838424,
  0.10961510565393699,
  0.0839788263779518,
  0.10470241300794768,
  0.15592783361472312,
  0.1441122693857781,
  0.7994416944192242,
  0.10231551271553985,
  0.12831363485532432,
  0.14490613466757168,
  0.09135840305656202,
  0.10883685880179202,
  0.053830506125341585,
  0.12890286742223955,
  0.08879300127267362,
  0.10431581304174739,
  0.06648978603953709,
  0.060212339326822836,
  0.05648919960564971,
  0.16804667427723705,
  0.4725503434278187,
  0.19514736501815216,
  0.1548528459571106,
  0.1832946506143077,
  0.13255497497274427,
  0.1546638064006113,
  1.6106573697233195,
  1.4210775048517006,
  0.303823111083187
 ],
 "weight": [
  0.0018762499252327437,
  0.010223676032175269,
  -0.0015807200993242277,
  -0.000696458915204488,
  -0.006252807293324366,
  -0.0062560985544324885,
  -0.013620977649260537,
  0.006641290604058351,
  -0.008252549562149322,
  -0.024074996329183206,
  0.005020912384049255,
  0.005099210115635683,
  -0.004271032479650316,
  -0.0035200235682220807,
  -0.010285567309639341,
  0.012469960281548547,
  0.0068668260431612275,
  -0.0010438885143350758,
  -0.02176181206967717,
  0.009494788260090698,
  -0.0014227475675714675,
  0.013744726477226429,
  0.012800487189586153,
  0.0015730957235177607,
  -0.0003927582708145959,
  0.00794986747166892,
  0.002000053544107902,
  0.0010990897495812705,
  -0.00035591948853927404,
  0.007050502158749648,
  -0.012769279134596398,
  -0.0007791404336436371,
  0.019786665202431393,
  -0.012587681516085834,
  0.001299013374947997,
  -0.003644386109974508,
  0.0014519118127558639,
  0.0012771322074581878,
  0.004428087154203588,
  -0.010867580866121624,
  -0.0020050049172949036,
  -0.0003975173202015447,
  -0.010448042987489534,
  -0.018494186556129756,
  -0.005286284639403432,
  -0.014476341490581418,
  -0.010098882435791778,
  -0.013581415890497956,
  -0.0031019349664619463,
  -0.0019888611138828153,
  -0.009178928906298444,
  -0.006637121507206742,
  -0.00649312897223416,
  0.004608668055638335,
  -0.011865105455139408,
  -0.005568843424637252,
  0.002359675142764323,
  0.0012927331851426652,
  0.01641222050263426,
  -0.004585258978855058,
  0.001260407326996082
 ],
 "bias": 0.7082442009580838
}